Remote,Booth,stop_id.2013,Station.2013,Line.2013,Division.2013
R051,A002,R11,LEXINGTON AVE,456NQR,BMT
R050,A004,R11,LEXINGTON AVE,456NQR,BMT
R079,A006,R13,5 AVE-59 ST,NQR,BMT
R079,A007,R13,5 AVE-59 ST,NQR,BMT
R080,A010,R14,57 ST-7 AVE,NQR,BMT
R080,A011,R14,57 ST-7 AVE,NQR,BMT
R081,A013,R15,49 ST-7 AVE,NQR,BMT
R081,A014,R15,49 ST-7 AVE,NQR,BMT
R081,A015,R15,49 ST-7 AVE,NQR,BMT
R081,A016,R15,49 ST-7 AVE,NQR,BMT
R032,A021,127,42 ST-TIMES SQ,1237ACENQRS,BMT
R022,A022,R17,34 ST-HERALD SQ,BDFMNQR,BMT
R023,A025,R17,34 ST-HERALD SQ,BDFMNQR,BMT
R082,A027,R18,28 ST-BROADWAY,NR,BMT
R082,A029,R18,28 ST-BROADWAY,NR,BMT
R083,A030,R19,23 ST-5 AVE,NR,BMT
R083,A031,R19,23 ST-5 AVE,NR,BMT
R170,A033,635,14 ST-UNION SQ,456LNQR,BMT
R170,A034,635,14 ST-UNION SQ,LNQR456,BMT
R170,A035,635,14 ST-UNION SQ,LNQR456,BMT
R170,A036,635,14 ST-UNION SQ,LNQR456,BMT
R170,A037,635,14 ST-UNION SQ,LNRQ456,BMT
R085,A038,R21,8 ST-B'WAY NYU,NR,BMT
R085,A039,R21,8 ST-B'WAY NYU,NR,BMT
R086,A041,R22,PRINCE ST-B'WAY,NR,BMT
R086,A042,R22,PRINCE ST-B'WAY,NR,BMT
R462,A043,R23,CANAL ST,JNQRZ6,BMT
R462,A044,R23,CANAL ST,JNQRZ6,BMT
R463,A046,R23,CANAL ST,JNQRZ6,BMT
R087,A047,R24,MURRAY ST-B'WAY,R,BMT
R088,A050,R25,CORTLANDT ST,R,BMT
R088,A051,R25,CORTLANDT ST,R,BMT
R088,A052,R25,CORTLANDT ST,R,BMT
R088,A053,R25,CORTLANDT ST,R,BMT
R227,A054,R26,RECTOR ST,R,BMT
R227,A055,R26,RECTOR ST,R,BMT
R001,A058,R27,WHITEHALL ST,R1,BMT
R001,A060,R27,WHITEHALL ST,R1,BMT
R142,A061,M18,ESSEX ST,FJMZ,BMT
R311,A064,M19,BOWERY,JZ,BMT
R118,A066,M20,CANAL ST,JNQRZ6,BMT
R044,A069,M21,CHAMBERS ST,456JZ,BMT
R044,A071,M21,CHAMBERS ST,JZ456,BMT
R002,A077,M22,FULTON ST,ACJZ2345,BMT
R002,A081,M22,FULTON ST,ACJZ2345,BMT
R002,A082,M22,FULTON ST,ACJZ2345,BMT
R125,A083,M23,BROAD ST,JZ,BMT
R125,A084,M23,BROAD ST,JZ,BMT
R125,A085,M23,BROAD ST,JZ,BMT
R057,B001,235,ATLANTIC AVE,2345BDNQR,BMT
R057,B002,R31,ATLANTIC AVE,BDNQR2345,BMT
R171,B004,D25,7 AVE,BQ,BMT
R411,B009,901,PARK PLACE,S,BMT
R412,B010,S04,BOTANIC GARDEN,S2345,BMT
R196,B012,D26,PROSPECT PARK,BQS,BMT
R196,B013,D26,PROSPECT PARK,BQS,BMT
R148,B014,D27,PARKSIDE AVE,BQ,BMT
R098,B015,D28,CHURCH AVE,BQ,BMT
R098,B016,D28,CHURCH AVE,BQ,BMT
R262,B017,D29,BEVERLEY ROAD,BQ,BMT
R184,B018,D30,CORTELYOU ROAD,BQ,BMT
R149,B019,D31,NEWKIRK AVE,BQ,BMT
R263,B020,D32,AVE H,BQ,BMT
R228,B021,D33,AVE J,BQ,BMT
R229,B022,D34,AVE M,BQ,BMT
R211,B023,D35,KINGS HIGHWAY,BQ,BMT
R211,B024,D35,KINGS HIGHWAY,BQ,BMT
R211,B024A,D35,KINGS HIGHWAY,BQ,BMT
R150,B025,D37,AVE U,BQ,BMT
R230,B026,D38,NECK ROAD,BQ,BMT
R136,B027,D39,SHEEPSHEAD BAY,BQ,BMT
R136,B028,D39,SHEEPSHEAD BAY,BQ,BMT
R172,B029,D40,BRIGHTON BEACH,BQ,BMT
R172,B031,D40,BRIGHTON BEACH,BQ,BMT
R264,B032,D41,OCEAN PARKWAY,Q,BMT
R264,B034,D41,OCEAN PARKWAY,Q,BMT
R108,C001,232,BOROUGH HALL/CT,2345R,BMT
R089,C003,R29,JAY ST-METROTEC,R,BMT
R089,C004,R29,JAY ST-METROTEC,R,BMT
R099,C008,R30,DEKALB AVE,BDNQR,BMT
R057,C009,R31,PACIFIC ST,BDNQR2345,BMT
R231,C010,R32,UNION ST,R,BMT
R231,C011,R32,UNION ST,R,BMT
R258,C012,R33,9 ST,DFGMNR,BMT
R246,C014,R34,PROSPECT AVE,R,BMT
R454,C015,R34,PROSPECT AVE,R,BMT
R278,C016,R35,25 ST,R,BMT
R455,C017,R35,25 ST,R,BMT
R197,C018,R36,36 ST,DNR,BMT
R232,C019,R39,45 ST,R,BMT
R233,C020,R40,53 ST,R,BMT
R212,C021,R41,59 ST,NR,BMT
R212,C022,R41,59 ST,NR,BMT
R213,C023,R42,BAY RIDGE AVE,R,BMT
R214,C024,R43,77 ST,R,BMT
R215,C025,R44,86 ST,R,BMT
R215,C026,R44,86 ST,R,BMT
R216,C027,R45,BAY RIDGE-95 ST,R,BMT
R216,C028,R45,BAY RIDGE-95 ST,R,BMT
R390,D002,N02,8 AVE,N,BMT
R391,D003,N03,FT HAMILTON PKY,N,BMT
R391,D004,N03,FT HAMILTON PKY,N,BMT
R398,D005,N04,NEW UTRECHT AVE,ND,BMT
R398,D006,N04,NEW UTRECHT AVE,ND,BMT
R392,D008,N05,18 AVE,N,BMT
R393,D009,N06,20 AVE,N,BMT
R394,D010,N07,BAY PKY-22 AVE,N,BMT
R394,D011,N07,BAY PKY-22 AVE,N,BMT
R395,D012,N08,KINGS HIGHWAY,N,BMT
R396,D015,N09,AVE U,N,BMT
R397,D016,N10,86 ST,N,BMT
R368,E001,B12,9 AVE,D,BMT
R369,E003,B13,FT HAMILTON PKY,D,BMT
R234,E004,B23,50 ST,D,BMT
R247,E005,B15,55 ST,D,BMT
R370,E009,B17,71 ST,D,BMT
R371,E011,B18,79 ST,D,BMT
R372,E012,B19,18 AVE,D,BMT
R373,E013,B20,20 AVE,D,BMT
R374,E014,B21,BAY PARKWAY,D,BMT
R399,E015,B22,25 AVE,D,BMT
R400,E016,B23,BAY 50 ST,D,BMT
R151,G001,D43,STILLWELL AVE,DFNQ,BMT
R151,G009,D43,STILLWELL AVE,DFNQ,BMT
R312,G011,D42,W 8 ST-AQUARIUM,FQ,BMT
R312,G015,D42,W 8 ST-AQUARIUM,FQ,BMT
R175,H001,L01,8 AVE,ACEL,BMT
R163,H003,L02,6 AVE,FLM123,BMT
R330,H005,L05,3 AVE,L,BMT
R330,H006,L05,3 AVE,L,BMT
R248,H007,L06,1 AVE,L,BMT
R248,H008,L06,1 AVE,L,BMT
R235,H009,L08,BEDFORD AVE,L,BMT
R268,H012,L10,LORIMER ST,GL,BMT
R249,H013,L11,GRAHAM AVE,L,BMT
R249,H014,L11,GRAHAM AVE,L,BMT
R250,H015,L12,GRAND ST,L,BMT
R250,H016,L12,GRAND ST,L,BMT
R265,H017,L13,MONTROSE AVE,L,BMT
R294,H019,L14,MORGAN AVE,L,BMT
R279,H022,L15,JEFFERSON ST,L,BMT
R236,H023,L16,DEKALB AVE,L,BMT
R137,H026,L17,MYRTLE AVE,LM,BMT
R137,H027,L17,MYRTLE AVE,LM,BMT
R266,H028,L19,HALSEY ST,L,BMT
R266,H030,L19,HALSEY ST,L,BMT
R295,H032,L20,WILSON AVE,L,BMT
R313,H033,L21,BUSHWICK AVE,L,BMT
R348,H035,L24,ATLANTIC AVE,L,BMT
R349,H037,L25,SUTTER AVE,L,BMT
R350,H038,L26,LIVONIA AVE,L,BMT
R375,H039,L27,NEW LOTS AVE,L,BMT
R376,H040,L28,EAST 105 ST,L,BMT
R152,H041,L29,ROCKAWAY PKY,L,BMT
R460,J001,M16,MARCY AVE,JMZ,BMT
R460,J002,M16,MARCY AVE,JMZ,BMT
R352,J003,M14,HEWES ST,JM,BMT
R353,J005,M13,LORIMER ST,JM,BMT
R377,J007,M12,FLUSHING AVE,JM,BMT
R378,J009,M11,MYRTLE AVE,JMZ,BMT
R379,J012,J31,KOSCIUSZKO ST,J,BMT
R380,J013,J30,GATES AVE,JZ,BMT
R381,J016,J29,HALSEY ST,J,BMT
R432,J017,J28,CHAUNCEY ST,JZ,BMT
R433,J020,J24,ALABAMA AVE,J,BMT
R434,J021,J23,VAN SICLEN AVE,JZ,BMT
R435,J022,J22,CLEVELAND ST,J,BMT
R436,J023,J21,NORWOOD AVE,JZ,BMT
R437,J024,J20,CRESCENT ST,JZ,BMT
R003,J025,J19,CYPRESS HILLS,J,BMT
R004,J028,J17,ELDERTS LANE,JZ,BMT
R005,J030,J16,FOREST PARKWAY,J,BMT
R006,J031,J15,WOODHAVEN BLVD,JZ,BMT
R006,J032,J15,WOODHAVEN BLVD,JZ,BMT
R007,J034,J14,104 ST,JZ,BMT
R008,J035,J13,111 ST,J,BMT
R009,J037,J12,121 ST,JZ,BMT
R535,JFK01,H03,JFK HOWARD BCH,A,IND
R535,JFK02,H03,JFK HOWARD BCH,A,IND
R401,K017,M10,CENTRAL AVE,M,BMT
R413,K019,M09,KNICKERBOCKER,M,BMT
R402,K022,M06,SENECA AVE,M,BMT
R403,K024,M05,FOREST AVE,M,BMT
R404,K025,M04,FRESH POND ROAD,M,BMT
R100,K026,M01,METROPOLITAN AV,M,BMT
R538,LGA01,NA,LGA AIRPORT CTB,7,IRT
R526,LI001,NA,LIB-HEMPSTEAD,F,LIB
R457,MCB1,NA,METROCARD BUS 1,23,BMT
R458,MCB2,NA,METROCARD BUS 2,23,BMT
R076,MCC07,NA,2 BDWY CUST SRV,45,IRT
R465,MCV1,NA,METROCARD VAN-1,1,BMT
R466,MCV2,NA,METROCARD VAN-2,1,BMT
R467,MCV3,NA,METROCARD VAN-3,1,BMT
R173,N001,A02,INWOOD-207 ST,A,IND
R173,N002A,A02,INWOOD-207 ST,A,IND
R185,N003,A03,DYCKMAN-200 ST,A,IND
R280,N006A,A05,190 ST,A,IND
R174,N007A,A06,181 ST,A,IND
R174,N009,A06,181 ST,A,IND
R126,N010,A07,175 ST,A,IND
R126,N011,A07,175 ST,A,IND
R035,N012,112,168 ST-BROADWAY,1AC,IND
R035,N013,112,168 ST-BROADWAY,AC1,IND
R296,N016A,A10,163 ST-AMSTERDM,C,IND
R331,N017,A11,155 ST,C,IND
R101,N019,A12,145 ST,ABCD,IND
R101,N020,A12,145 ST,ABCD,IND
R332,N022,A14,135 ST,BC,IND
R332,N023,A14,135 ST,BC,IND
R332,N024,A14,135 ST,BC,IND
R102,N025,A15,125 ST,ACBD,IND
R102,N026,A15,125 ST,ACBD,IND
R333,N029,A16,116 ST,BC,IND
R333,N030,A16,116 ST,BC,IND
R334,N034,A17,CATHEDRL-110 ST,BC,IND
R334,N035,A17,CATHEDRL-110 ST,BC,IND
R314,N037,A18,103 ST,BC,IND
R251,N039,A19,96 ST,BC,IND
R251,N040,A19,96 ST,BC,IND
R186,N042,A20,86 ST,BC,IND
R186,N043,A20,86 ST,BC,IND
R187,N044,A21,81 ST-MUSEUM,BC,IND
R187,N045,A21,81 ST-MUSEUM,BC,IND
R281,N046,A22,72 ST,BC,IND
R084,N049,125,59 ST-COLUMBUS,1ABCD,IND
R084,N051,125,59 ST-COLUMBUS,ABCD1,IND
R188,N056,A25,50 ST,CE,IND
R188,N057,A25,50 ST,CE,IND
R010,N060,A27,42 ST-PA BUS TE,ACENQRS1237,IND
R011,N062,A27,42 ST-PA BUS TE,ACENQRS1237,IND
R010,N062A,A27,42 ST-PA BUS TE,ACENQRS1237,IND
R011,N063,A27,42 ST-PA BUS TE,ACENQRS1237,IND
R011,N063A,A27,42 ST-PA BUS TE,ACENQRS1237,IND
R012,N065,A28,34 ST-PENN STA,ACE,IND
R012,N067,A28,34 ST-PENN STA,ACE,IND
R012,N068,A28,34 ST-PENN STA,ACE,IND
R013,N069,A28,34 ST-PENN STA,ACE,IND
R012,N070,A28,34 ST-PENN STA,ACE,IND
R013,N071,A28,34 ST-PENN STA,ACE,IND
R012,N072,A28,34 ST-PENN STA,ACE,IND
R013,N073,A28,34 ST-PENN STA,ACE,IND
R111,N075,A30,23 ST,CE,IND
R111,N076,A30,23 ST,CE,IND
R111,N077,A30,23 ST,CE,IND
R175,N078,A31,14 ST,ACEL,IND
R138,N080,D20,W 4 ST-WASH SQ,ABCDEFM,IND
R138,N083,D20,W 4 ST-WASH SQ,ABCDEFM,IND
R282,N086,A33,SPRING ST,CE,IND
R282,N087,A33,SPRING ST,CE,IND
R139,N089,A34,CANAL ST,ACE,IND
R139,N090,A34,CANAL ST,ACE,IND
R029,N091,A36,CHAMBERS ST,ACE23,IND
R029,N092,A36,CHAMBERS ST,ACE23,IND
R029,N094,E01,WORLD TRADE CTR,23ACE,IND
R014,N095,229,FULTON ST,ACJZ2345,IND
R252,N100,A40,HIGH ST,AC,IND
R252,N101,A40,HIGH ST,AC,IND
R127,N102,A41,JAY ST-METROTEC,ACF,IND
R127,N103,A41,JAY ST-METROTEC,ACF,IND
R217,N108,A42,HOYT/SCHERMER,ACG,IND
R283,N110,A43,LAFAYETTE AVE,C,IND
R284,N111,A44,CLINTON-WASH AV,C,IND
R284,N112A,A44,CLINTON-WASH AV,C,IND
R297,N113,A45,FRANKLIN AVE,ACS,IND
R297,N114,A45,FRANKLIN AVE,ACS,IND
R198,N116,A46,NOSTRAND AVE,AC,IND
R198,N117,A46,NOSTRAND AVE,AC,IND
R199,N118,A47,KINGSTON-THROOP,C,IND
R199,N119,A47,KINGSTON-THROOP,C,IND
R153,N120,A48,UTICA AVE,AC,IND
R153,N120A,A48,UTICA AVE,AC,IND
R438,N121B,A49,RALPH AVE,C,IND
R439,N122,A50,ROCKAWAY AVE,C,IND
R439,N123B,A50,ROCKAWAY AVE,C,IND
R103,N124,A51,BROADWAY-ENY,ACJLZ,IND
R440,N125,A52,LIBERTY AVE,C,IND
R441,N126,A53,VAN SICLEN AVE,C,IND
R442,N127,A54,SHEPHERD AVE,C,IND
R200,N128,A55,EUCLID AVE,AC,IND
R382,N129,A57,GRANT AVE,A,IND
R383,N130,A59,HUDSON-80 ST,A,IND
R383,N131,A59,HUDSON-80 ST,A,IND
R384,N133,A60,BOYD-88 ST,A,IND
R385,N134,A61,ROCKAWAY BLVD,A,IND
R385,N135,A61,ROCKAWAY BLVD,A,IND
R354,N137,A63,OXFORD-104 ST,A,IND
R355,N138,A64,GREENWOOD-111,A,IND
R355,N139,A64,GREENWOOD-111,A,IND
R356,N141,A65,LEFFERTS BLVD,A,IND
R357,N181,H02,AQUEDUCT-N CNDT,A,IND
R464,N181A,H02,AQUEDUCT TRACK,A,IND
R414,N182,H03,HOWARD BCH-JFK,A,IND
R414,N182A,H03,HOWARD BCH-JFK,A,IND
R415,N183,H04,BROAD CHANNEL,AS,IND
R416,N184,H12,BEACH 90 ST,AS,IND
R419,N187,H15,ROCKAWAY PK 116,AS,IND
R335,N191,H06,BEACH 67 ST,A,IND
R336,N192,H07,BEACH 60 ST,A,IND
R337,N193,H08,BEACH 44 ST,A,IND
R338,N194,H09,BEACH 36 ST,A,IND
R358,N195,H10,BEACH 25 ST,A,IND
R285,N196,H11,FAR ROCKAWAY,A,IND
R315,N202,D12,155 ST,BD,IND
R195,N203,414,161 ST-YANKEE,BD4,IND
R195,N204,414,161 ST-YANKEE,BD4,IND
R195,N205,414,161 ST-YANKEE,BD4,IND
R104,N206,D10,167 ST,BD,IND
R104,N207,D10,167 ST,BD,IND
R443,N208,D09,170 ST,BD,IND
R443,N209,D09,170 ST,BD,IND
R253,N210,D08,174-175 ST,BD,IND
R253,N212,D08,174-175 ST,BD,IND
R154,N213,D07,TREMONT AVE,BD,IND
R154,N214,D07,TREMONT AVE,BD,IND
R237,N215,D06,182-183 ST,BD,IND
R112,N217,D05,FORDHAM ROAD,BD,IND
R112,N218,D05,FORDHAM ROAD,BD,IND
R155,N220,D04,KINGSBRIDGE RD,BD,IND
R155,N221,D04,KINGSBRIDGE RD,BD,IND
R156,N222,D03,BEDFORD PARK BL,BD,IND
R156,N223,D03,BEDFORD PARK BL,BD,IND
R157,N224,D01,NORWOOD-205 ST,D,IND
R157,N225,D01,NORWOOD-205 ST,D,IND
R113,N300,D14,7 AVE-53 ST,BDE,IND
R113,N301,D14,7 AVE-53 ST,BDE,IND
R015,N303,F12,5 AVE-53 ST,EM,IND
R015,N304,F12,5 AVE-53 ST,EM,IND
R017,N305,F11,LEXINGTON-53 ST,EM6,IND
R016,N305A,F11,LEXINGTON-53 ST,EM6,IND
R017,N306,F11,LEXINGTON-53 ST,EM6,IND
R359,N307,F09,COURT SQ-23 ST,EMG,IND
R140,N309A,G21,QUEENS PLAZA,EMR,IND
R140,N310,G21,QUEENS PLAZA,EMR,IND
R339,N311,H09,36 ST,MR,IND
R339,N312,H09,36 ST,MR,IND
R238,N314,G19,STEINWAY ST,MR,IND
R238,N315,G19,STEINWAY ST,MR,IND
R267,N316,G18,46 ST,MR,IND
R267,N316A,G18,46 ST,MR,IND
R267,N317,G18,46 ST,MR,IND
R298,N318,G16,NORTHERN BLVD,MR,IND
R298,N319,G16,NORTHERN BLVD,MR,IND
R340,N322,G15,65 ST,MR,IND
R018,N323,G14,ROOSEVELT AVE,EFMR7,IND
R018,N324,G14,ROOSEVELT AVE,EFMR7,IND
R218,N325A,G13,ELMHURST AVE,MR,IND
R254,N327,G12,GRAND AV-NEWTON,MR,IND
R201,N329,G11,WOODHAVEN BLVD,MR,IND
R201,N329A,G11,WOODHAVEN BLVD,MR,IND
R202,N330B,G10,63 DR-REGO PARK,MR,IND
R202,N330C,G10,63 DR-REGO PARK,MR,IND
R219,N331,G09,67 AVE,MR,IND
R219,N332,G09,67 AVE,MR,IND
R141,N333,G08,FOREST HILLS-71,EFMR,IND
R141,N333A,G08,FOREST HILLS-71,EFMR,IND
R141,N333B,G08,FOREST HILLS-71,EFMR,IND
R341,N334B,F07,75 AVE,EF,IND
R158,N335,F06,UNION TPK-KEW G,EF,IND
R158,N336,F06,UNION TPK-KEW G,EF,IND
R255,N337,F05,VAN WYCK BLVD,EF,IND
R128,N338,G06,SUTPHIN BLVD,F,IND
R128,N338B,G06,SUTPHIN BLVD,F,IND
R114,N339,F03,PARSONS BLVD,F,IND
R114,N339A,F03,PARSONS BLVD,F,IND
R115,N340,F02,169 ST,F,IND
R115,N340A,F02,169 ST,F,IND
R019,N342,F01,JAMAICA-179 ST,F,IND
R019,N343,F01,JAMAICA-179 ST,F,IND
R359,N400,G22,COURT SQ,EMG,IND
R359,N400A,G22,COURT SQ,EMG,IND
R360,N401,G24,VAN ALSTON-21ST,G,IND
R239,N403,G26,GREENPOINT AVE,G,IND
R239,N405,G26,GREENPOINT AVE,G,IND
R256,N408A,G28,NASSAU AV,G,IND
R268,N409,G29,METROPOLITAN AV,GL,IND
R299,N412,G30,BROADWAY,G,IND
R316,N414,G31,FLUSHING AVE,G,IND
R316,N414A,G31,FLUSHING AVE,G,IND
R286,N415,G32,MYRTLE-WILLOUGH,G,IND
R286,N416,G32,MYRTLE-WILLOUGH,G,IND
R269,N417,G33,BEDFORD/NOSTRAN,G,IND
R269,N418,G33,BEDFORD/NOSTRAN,G,IND
R287,N419,G34,CLASSON AVE,G,IND
R317,N420B,G35,CLINTON-WASH AV,G,IND
R318,N422,G36,FULTON ST,G,IND
R020,N500,D15,47-50 ST-ROCK,BDFM,IND
R020,N501,D15,47-50 ST-ROCK,BDFM,IND
R020,N501A,D15,47-50 ST-ROCK,BDFM,IND
R021,N502,D16,42 ST-BRYANT PK,BDFM7,IND
R021,N503,D16,42 ST-BRYANT PK,BDFM7,IND
R021,N504,D16,42 ST-BRYANT PK,BDFM7,IND
R022,N505,R17,34 ST-HERALD SQ,BDFMNQR,IND
R022,N506,R17,34 ST-HERALD SQ,BDFMNQR,IND
R023,N507,R17,34 ST-HERALD SQ,BDFMNQR,IND
R453,N508,D18,23 ST-6 AVE,FM,IND
R203,N509,D18,23 ST-6 AVE,FM,IND
R163,N510,D19,14 ST-6 AVE,FLM123,IND
R163,N511,D19,14 ST-6 AVE,FLM123,IND
R163,N512,D19,14 ST-6 AVE,FLM123,IND
R163,N513,D19,14 ST-6 AVE,FLM123,IND
R461,N519,D21,BROADWAY/LAFAY,BDFQ6,IND
R461,N519A,D21,BROADWAY/LAFAY,BDFQ6,IND
R240,N520,D22,GRAND ST,BD,IND
R300,N521,F14,2 AVE,F,IND
R300,N523,F14,2 AVE,F,IND
R142,N525,F15,DELANCEY ST,FJMZ,IND
R142,N526,F15,DELANCEY ST,FJMZ,IND
R257,N528,F16,EAST BROADWAY,F,IND
R257,N529,F16,EAST BROADWAY,F,IND
R301,N530,F18,YORK ST,F,IND
R129,N531,236,BERGEN ST,FG,IND
R129,N532,236,BERGEN ST,FG,IND
R129,N533,236,BERGEN ST,FG,IND
R220,N534,F21,CARROLL ST,FG,IND
R220,N535,F21,CARROLL ST,FG,IND
R270,N536,F22,SMITH-9 ST,FG,IND
R258,N537,F23,4 AVE,DFGMNR,IND
R288,N539A,F24,7 AV-PARK SLOPE,FG,IND
R241,N541,F25,15 ST-PROSPECT,FG,IND
R241,N542,F25,15 ST-PROSPECT,FG,IND
R289,N543,F26,FT HAMILTON PKY,FG,IND
R289,N544,F26,FT HAMILTON PKY,FG,IND
R204,N545,F27,CHURCH AVE,FG,IND
R204,N546,F27,CHURCH AVE,FG,IND
R420,N547,F29,DITMAS AVE,F,IND
R420,N548,F29,DITMAS AVE,F,IND
R242,N549,F30,18 AVE,F,IND
R242,N550,F30,18 AVE,F,IND
R421,N551,F31,AVE I,F,IND
R422,N553,F32,22 AVE-BAY PKY,F,IND
R423,N554,F33,AVE N,F,IND
R423,N555,F33,AVE N,F,IND
R424,N556,F34,AVE P,F,IND
R130,N557,F35,KINGS HIGHWAY,F,IND
R130,N558,F35,KINGS HIGHWAY,F,IND
R425,N559,F36,AVE U,F,IND
R271,N561,F38,AVE X,F,IND
R426,N562,F39,NEPTUNE AVE,F,IND
R302,N600,B10,57 ST,F,IND
R319,N601,B08,LEXINGTON AVE,F,IND
R259,N602,B06,ROOSEVELT IS,F,IND
R303,N603,B04,21 ST,F,IND
R342,N604,G07,JAMAICA-VAN WYC,E,IND
R024,N605,F04,SUTPHIN BLVD,EJZ,IND
R025,N606,G05,JAMAICA CENTER,EJZ,IND
R025,N607,G05,JAMAICA CENTER,EJZ,IND
R548,PTH09,133,CHRISTOPHER ST,1,PTH
R545,PTH11,132,14TH STREET,1,PTH
R001,R101S,142,SOUTH FERRY,R1,IRT
R304,R102,139,RECTOR ST,1,IRT
R304,R103,139,RECTOR ST,1,IRT
R305,R106,138,CORTLANDT ST,1,IRT
R305,R107,138,CORTLANDT ST,1,IRT
R305,R108,138,CORTLANDT ST,1,IRT
R305,R109,138,CORTLANDT ST,1,IRT
R027,R110,230,WALL ST,23,IRT
R027,R111,230,WALL ST,23,IRT
R027,R112,230,WALL ST,23,IRT
R027,R112A,230,WALL ST,23,IRT
R028,R113,A38,FULTON ST,2345ACJZ,IRT
R028,R113A,A38,FULTON ST,2345ACJZ,IRT
R028,R114,A38,FULTON ST,2345ACJZ,IRT
R029,R115,228,PARK PLACE,23ACE,IRT
R030,R116,137,CHAMBERS ST,123,IRT
R343,R117,136,FRANKLIN ST,1,IRT
R343,R118,136,FRANKLIN ST,1,IRT
R320,R119,639,CANAL ST,1,IRT
R320,R120,639,CANAL ST,1,IRT
R290,R121,134,HOUSTON ST,1,IRT
R290,R122,134,HOUSTON ST,1,IRT
R290,R123,134,HOUSTON ST,1,IRT
R290,R124,134,HOUSTON ST,1,IRT
R189,R125,133,CHRISTOPHER ST,1,IRT
R189,R126,133,CHRISTOPHER ST,1,IRT
R105,R127,132,14 ST,123FLM,IRT
R105,R128,132,14 ST,123FLM,IRT
R321,R129,131,18 ST,1,IRT
R321,R130,131,18 ST,1,IRT
R190,R131,130,23 ST,1,IRT
R190,R132,130,23 ST,1,IRT
R272,R133,129,28 ST,1,IRT
R272,R134,129,28 ST,1,IRT
R031,R135,128,34 ST-PENN STA,123,IRT
R031,R137,128,34 ST-PENN STA,123,IRT
R293,R138,128,34 ST-PENN STA,123ACE,IRT
R031,R139,128,34 ST-PENN STA,123,IRT
R031,R141,128,34 ST-PENN STA,123,IRT
R293,R142,128,34 ST-PENN STA,123ACE,IRT
R032,R143,127,42 ST-TIMES SQ,ACENQRS1237,IRT
R032,R145,127,42 ST-TIMES SQ,1237ACENQRS,IRT
R032,R146,127,42 ST-TIMES SQ,1237ACENQRS,IRT
R033,R147,127,42 ST-TIMES SQ,1237ACENQRS,IRT
R033,R148,127,42 ST-TIMES SQ,1237ACENQRS,IRT
R033,R150,127,42 ST-TIMES SQ,1237ACENQRS,IRT
R033,R151,127,42 ST-TIMES SQ,1237ACENQRS,IRT
R033,R153,127,42 ST-TIMES SQ,1237ACENQRS,IRT
R116,R154,126,50 ST,1,IRT
R116,R155,126,50 ST,1,IRT
R084,R158,125,59 ST-COLUMBUS,1ABCD,IRT
R164,R159,124,66 ST-LINCOLN,1,IRT
R164,R160,124,66 ST-LINCOLN,1,IRT
R164,R160A,124,66 ST-LINCOLN,1,IRT
R452,R161A,123,72 ST,123,IRT
R452,R161B,123,72 ST,123,IRT
R166,R162,122,79 ST,1,IRT
R166,R163,122,79 ST,1,IRT
R167,R164,121,86 ST,1,IRT
R167,R165,121,86 ST,1,IRT
R167,R166,121,86 ST,1,IRT
R168,R168,120,96 ST,123,IRT
R168,R168A,120,96 ST,123,IRT
R191,R170,119,103 ST,1,IRT
R192,R171,118,110 ST-CATHEDRL,1,IRT
R192,R172,118,110 ST-CATHEDRL,1,IRT
R159,R173,117,116 ST-COLUMBIA,1,IRT
R034,R174,116,125 ST,1,IRT
R169,R175,115,137 ST-CITY COL,1,IRT
R169,R176,115,137 ST-CITY COL,1,IRT
R273,R177,D13,145 ST,1,IRT
R273,R178,D13,145 ST,1,IRT
R193,R179,113,157 ST,1,IRT
R193,R180,113,157 ST,1,IRT
R035,R182,112,168 ST-BROADWAY,1AC,IRT
R260,R183,111,181 ST,1,IRT
R274,R185,110,191 ST,1,IRT
R036,R186,109,DYCKMAN ST,1,IRT
R037,R188,108,207 ST,1,IRT
R038,R190,107,215 ST,1,IRT
R039,R192,106,MARBLE HILL-225,1,IRT
R040,R194,104,231 ST,1,IRT
R306,R196,103,238 ST,1,IRT
R117,R197,101,242 ST,1,IRT
R041,R200A,420,BOWLING GREEN,45,IRT
R041,R201,420,BOWLING GREEN,45,IRT
R042,R202,420,BOWLING GREEN,45,IRT
R043,R203,419,WALL ST,45,IRT
R043,R203A,419,WALL ST,45,IRT
R043,R204,419,WALL ST,45,IRT
R043,R204A,419,WALL ST,45,IRT
R014,R205,229,FULTON ST,ACJZ2345,IRT
R014,R205A,229,FULTON ST,2345ACJZ,IRT
R014,R206,229,FULTON ST,2345ACJZ,IRT
R014,R208,229,FULTON ST,2345ACJZ,IRT
R044,R210,640,BROOKLYN BRIDGE,456JZ,IRT
R044,R210A,640,BROOKLYN BRIDGE,JZ456,IRT
R463,R214,R23,CANAL ST,JNQRZ6,IRT
R322,R215,638,SPRING ST,6,IRT
R322,R216,638,SPRING ST,6,IRT
R194,R217,637,BLEECKER ST,NA,NA
R194,R217A,637,BLEECKER ST,6DF,IRT
R160,R219,636,ASTOR PLACE,6,IRT
R160,R220,636,ASTOR PLACE,6,IRT
R170,R221,635,14 ST-UNION SQ,LNQR456,IRT
R131,R226,634,23 ST,6,IRT
R131,R226A,634,23 ST,6,IRT
R131,R227,634,23 ST,6,IRT
R131,R227A,634,23 ST,6,IRT
R143,R228,633,28 ST,6,IRT
R143,R229,633,28 ST,6,IRT
R143,R230,633,28 ST,6,IRT
R176,R231,632,33 ST,6,IRT
R176,R231A,632,33 ST,6,IRT
R176,R232,632,33 ST,6,IRT
R176,R232A,632,33 ST,6,IRT
R045,R233,631,42 ST-GRD CNTRL,4567S,IRT
R045,R236,631,42 ST-GRD CNTRL,4567S,IRT
R046,R237,631,42 ST-GRD CNTRL,4567S,IRT
R047,R237B,631,42 ST-GRD CNTRL,4567S,IRT
R046,R238,631,42 ST-GRD CNTRL,4567S,IRT
R046,R238A,631,42 ST-GRD CNTRL,4567S,IRT
R047,R240,631,42 ST-GRD CNTRL,4567S,IRT
R048,R241A,631,42 ST-GRD CNTRL,4567S,IRT
R049,R242,630,51 ST,6,IRT
R049,R242A,630,51 ST,6,IRT
R049,R243,630,51 ST,6,IRT
R050,R244,629,59 ST,456NQR,IRT
R050,R244A,629,59 ST,456NQR,IRT
R051,R245,629,59 ST,456NQR,IRT
R051,R245A,629,59 ST,456NQR,IRT
R177,R246,628,68ST-HUNTER COL,6,IRT
R178,R247,627,77 ST,6,IRT
R178,R248,627,77 ST,6,IRT
R179,R249,626,86 ST,456,IRT
R179,R250,626,86 ST,456,IRT
R144,R251,625,96 ST,6,IRT
R180,R252,624,103 ST,6,IRT
R181,R253,623,110 ST,6,IRT
R181,R254,623,110 ST,6,IRT
R182,R256,622,116 ST,6,IRT
R182,R257,622,116 ST,6,IRT
R132,R258,116,125 ST,456,IRT
R307,R259,416,138 ST-GR CONC,45,IRT
R205,R260,415,149 ST-GR CONC,245,IRT
R205,R261,415,149 ST-GR CONC,245,IRT
R195,R262,414,161 ST-YANKEE,BD4,IRT
R195,R262A,414,161 ST-YANKEE,4BD,IRT
R195,R262B,414,161 ST-YANKEE,4BD,IRT
R221,R283,413,167 ST,4,IRT
R243,R284,412,170 ST,4,IRT
R308,R285,411,MT EDEN AVE,4,IRT
R309,R286,410,176 ST,4,IRT
R244,R287,409,BURNSIDE AVE,4,IRT
R275,R288,408,183 ST,4,IRT
R119,R289,407,FORDHAM ROAD,4,IRT
R161,R290,406,KINGSBRIDGE RD,4,IRT
R183,R291,405,BEDFORD PARK BL,4,IRT
R133,R293,402,MOSHOLU PARKWAY,4,IRT
R052,R294,401,WOODLAWN ROAD,4,IRT
R323,R301,227,110 ST-CPN,23,IRT
R324,R302,226,116 ST,23,IRT
R324,R303,226,116 ST,23,IRT
R206,R304,225,125 ST,23,IRT
R206,R305,225,125 ST,23,IRT
R207,R306,224,135 ST,23,IRT
R207,R307,224,135 ST,23,IRT
R344,R308,302,145 ST,3,IRT
R345,R309,301,148 ST-LENOX,3,IRT
R053,R310,221,149 ST-3 AVE,25,IRT
R053,R311,221,149 ST-3 AVE,25,IRT
R405,R312,220,JACKSON AVE,25,IRT
R406,R314,219,PROSPECT AVE,25,IRT
R406,R315,219,PROSPECT AVE,25,IRT
R407,R316,218,INTERVALE-163,25,IRT
R408,R317,217,SIMPSON ST,25,IRT
R408,R318,217,SIMPSON ST,25,IRT
R409,R319,216,FREEMAN ST,25,IRT
R409,R320,216,FREEMAN ST,25,IRT
R386,R321,215,174 ST,25,IRT
R386,R322,215,174 ST,25,IRT
R387,R323,214,E TREMONT AVE,25,IRT
R387,R323A,214,E TREMONT AVE,25,IRT
R388,R325,213,E 180 ST,25,IRT
R389,R326,212,BRONX PARK EAST,25,IRT
R361,R327,211,PELHAM PARKWAY,25,IRT
R361,R328,211,PELHAM PARKWAY,25,IRT
R362,R329,210,ALLERTON AVE,25,IRT
R363,R330,209,BURKE AVE,25,IRT
R364,R331,208,GUN HILL ROAD,25,IRT
R365,R332,207,219 ST,25,IRT
R366,R333,206,225 ST,25,IRT
R367,R334,205,233 ST,25,IRT
R444,R335,204,NEREID AVE,25,IRT
R145,R336,201,WAKEFIELD-241,2,IRT
R445,R401,619,138 ST-3 AVE,6,IRT
R446,R402,618,BROOK AVE,6,IRT
R446,R403,618,BROOK AVE,6,IRT
R447,R404,617,CYPRESS AVE,6,IRT
R447,R405,617,CYPRESS AVE,6,IRT
R448,R406,616,E 143 ST,6,IRT
R448,R407,616,E 143 ST,6,IRT
R449,R408,615,E 149 ST,6,IRT
R449,R409,615,E 149 ST,6,IRT
R450,R410,614,LONGWOOD AVE,6,IRT
R450,R411,614,LONGWOOD AVE,6,IRT
R146,R412,613,HUNTS POINT AVE,6,IRT
R325,R413,612,WHITLOCK AVE,6,IRT
R162,R414,611,ELDER AVE,6,IRT
R120,R415,610,MORRISON AVE,6,IRT
R245,R416,609,ST LAWRENCE AVE,6,IRT
R222,R417,608,E 177 ST-PARKCH,6,IRT
R106,R418,607,CASTLE HILL AVE,6,IRT
R326,R419,606,ZEREGA AVE,6,IRT
R107,R420,604,WESTCHESTER SQ,6,IRT
R427,R421,603,MIDDLETOWN ROAD,6,IRT
R428,R422,602,BUHRE AVE,6,IRT
R429,R423,601,PELHAM BAY PARK,6,IRT
R054,R500,724,5 AVE-BRYANT PK,7BDFM,IRT
R054,R501,724,5 AVE-BRYANT PK,7BDFM,IRT
R276,R503,721,VERNON/JACKSON,7,IRT
R276,R504,721,VERNON/JACKSON,7,IRT
R276,R506,721,VERNON/JACKSON,7,IRT
R134,R507,720,HUNTERS PT AVE,7,IRT
R346,R508,719,COURT SQ,7,IRT
R121,R509,R09,QUEENSBORO PLZ,7NQ,IRT
R090,R510,R08,BEEBE-39 AVE,NQ,BMT
R091,R511,R06,WASHINGTON-36 A,NQ,BMT
R092,R512,R05,BROADWAY-31 ST,NQ,BMT
R093,R513,R04,GRAND-30 AVE,NQ,BMT
R094,R514,R03,HOYT ST-ASTORIA,NQ,BMT
R095,R515,R01,DITMARS BL-31 S,NQ,BMT
R291,R516,716,33 ST/RAWSON ST,7,IRT
R291,R517,716,33 ST/RAWSON ST,7,IRT
R261,R518,715,40 ST-LOWERY ST,7,IRT
R223,R519,714,46 ST-BLISS ST,7,IRT
R223,R520,714,46 ST-BLISS ST,7,IRT
R327,R521,713,52 ST-LINCOLN,7,IRT
R147,R523,712,61 ST/WOODSIDE,7,IRT
R347,R524,711,69 ST-FISK AVE,7,IRT
R018,R525,710,74 ST-BROADWAY,EFMR7,IRT
R096,R526,709,82 ST-JACKSON H,7,IRT
R122,R527,708,90 ST-ELMHURST,7,IRT
R097,R528,707,JUNCTION BLVD,7,IRT
R208,R529,706,103 ST-CORONA,7,IRT
R310,R530,705,111 ST,7,IRT
R328,R532,702,METS-WILLETS PT,7,IRT
R328,R532G,702,METS-WILLETS PT,7,IRT
R328,R532H,702,METS-WILLETS PT,7,IRT
R055,R533,701,MAIN ST,7,IRT
R055,R534,701,MAIN ST,7,IRT
R224,R600,231,CLARK ST,23,IRT
R108,R601A,232,BOROUGH HALL/CT,R2345,IRT
R108,R602,232,BOROUGH HALL/CT,2345R,IRT
R108,R604,232,BOROUGH HALL/CT,2345R,IRT
R456,R605,233,HOYT ST,23,IRT
R225,R606,233,HOYT ST,23,IRT
R056,R608,234,NEVINS ST,2345,IRT
R056,R609,234,NEVINS ST,2345,IRT
R057,R610,D24,ATLANTIC AVE,2345BDNQR,IRT
R058,R617,F20,BERGEN ST,23,IRT
R058,R618,F20,BERGEN ST,23,IRT
R059,R619,237,GRAND ARMY PLAZ,23,IRT
R060,R621,238,EASTERN PKWY,23,IRT
R123,R622,239,FRANKLIN AVE,2345S,IRT
R061,R623,248,NOSTRAND AVE,3,IRT
R124,R624,249,KINGSTON AVE,3,IRT
R062,R625,250,CROWN HTS-UTICA,34,IRT
R062,R626,250,CROWN HTS-UTICA,34,IRT
R063,R627,251,SUTTER AVE,3,IRT
R064,R628,252,SARATOGA AVE,3,IRT
R065,R629,253,ROCKAWAY AVE,3,IRT
R066,R630,254,JUNIUS ST,3,IRT
R067,R632,255,PENNSYLVANIA AV,3,IRT
R068,R633,256,VAN SICLEN AVE,3,IRT
R069,R634,257,NEW LOTS AVE,3,IRT
R277,R635,241,PRESIDENT ST,25,IRT
R209,R636,242,STERLING ST,25,IRT
R451,R637,243,WINTHROP ST,25,IRT
R109,R639,244,CHURCH AVE,25,IRT
R210,R641,245,BEVERLY ROAD,25,IRT
R135,R643,246,NEWKIRK AVE,25,IRT
R135,R644,246,NEWKIRK AVE,25,IRT
R110,R645,247,FLATBUSH AVE,25,IRT
R110,R646,247,FLATBUSH AVE,25,IRT
R110,R647,247,FLATBUSH AVE,25,IRT
R329,R726,505,MORRIS PARK,5,IRT
R430,R727,504,PELHAM PARKWAY,5,IRT
R226,R728,503,GUN HILL ROAD,5,IRT
R292,R729,502,BAYCHESTER AVE,5,IRT
R431,R730,501,DYRE AVE,5,IRT
R070,S101,S31,ST. GEORGE,1,SRT
R070,S101A,S31,ST. GEORGE,1,SRT
R165,S102,S30,TOMPKINSVILLE,1,SRT
R468,TRAM1,NA,RIT-MANHATTAN,R,RIT
R469,TRAM2,NA,RIT-ROOSEVELT,R,RIT
R532,WCCTR,NA,WEST COUNTY CTR,5,BEE
R410,X001,NA,NYC & CO - 7 AV,1,IRT
R470,X002,NA,ELTINGVILLE PK,Z,SRT
,,,,,
R417,N185,,BEACH 98 ST,AS,IND
R418,N186,,BEACH 105 ST,AS,IND
R459,OB01,,ORCHARD BEACH,6,IND
R536,JFK03,,JFK JAMAICA CT1,E,IND
R537,JFK04,,JFK JAMAICA CT2,E,IND
R540,PTH08,,PATH WTC,1,PTH
R540,PTH21,,PATH WTC 2,1,PTH
R541,PTH13,,THIRTY ST,1,PTH
R541,PTH17,,THIRTY THIRD ST,1,PTH
R542,PTH12,,TWENTY THIRD ST,1,PTH
R543,PTH05,,EXCHANGE PLACE,1,PTH
R544,PTH02,,HARRISON,1,PTH
R546,PTH06,,PAVONIA/NEWPORT,1,PTH
R547,PTH10,,9TH STREET,1,PTH
R549,PTH18,,NEWARK BM BW,1,PTH
R549,PTH19,,NEWARK C,1,PTH
R549,PTH20,,NEWARK HM HE,1,PTH
R549,PTH01,,NEWARK HW BMEBE,1,PTH
R550,PTH07,,CITY / BUS,1,PTH
R550,PTH16,,LACKAWANNA,1,PTH
R551,PTH04,,GROVE STREET,1,PTH
R552,PTH03,,JOURNAL SQUARE,1,PTH